customer_index,churn_probability,risk_level,scoring_week,scoring_date
0,0.1295,LOW,1,2026-05-25
1,0.7741,HIGH,1,2026-05-25
2,0.1271,LOW,1,2026-05-25
3,0.5553,MEDIUM,1,2026-05-25
4,0.0709,LOW,1,2026-05-25
5,0.81,HIGH,1,2026-05-25
6,0.6855,MEDIUM,1,2026-05-25
7,0.2948,LOW,1,2026-05-25
8,0.011,LOW,1,2026-05-25
9,0.5775,MEDIUM,1,2026-05-25
10,0.548,MEDIUM,1,2026-05-25
11,0.1807,LOW,1,2026-05-25
12,0.3503,LOW,1,2026-05-25
13,0.8465,HIGH,1,2026-05-25
14,0.2569,LOW,1,2026-05-25
15,0.1626,LOW,1,2026-05-25
16,0.0548,LOW,1,2026-05-25
17,0.7525,HIGH,1,2026-05-25
18,0.4575,MEDIUM,1,2026-05-25
19,0.1532,LOW,1,2026-05-25
20,0.906,HIGH,1,2026-05-25
21,0.4469,MEDIUM,1,2026-05-25
22,0.0609,LOW,1,2026-05-25
23,0.1054,LOW,1,2026-05-25
24,0.4228,MEDIUM,1,2026-05-25
25,0.3824,LOW,1,2026-05-25
26,0.7724,HIGH,1,2026-05-25
27,0.8258,HIGH,1,2026-05-25
28,0.0509,LOW,1,2026-05-25
29,0.9385,HIGH,1,2026-05-25
30,0.6974,MEDIUM,1,2026-05-25
31,0.6909,MEDIUM,1,2026-05-25
32,0.0308,LOW,1,2026-05-25
33,0.0204,LOW,1,2026-05-25
34,0.9474,HIGH,1,2026-05-25
35,0.5403,MEDIUM,1,2026-05-25
36,0.668,MEDIUM,1,2026-05-25
37,0.0099,LOW,1,2026-05-25
38,0.9441,HIGH,1,2026-05-25
39,0.3483,LOW,1,2026-05-25
40,0.0136,LOW,1,2026-05-25
41,0.9499,HIGH,1,2026-05-25
42,0.5203,MEDIUM,1,2026-05-25
43,0.4589,MEDIUM,1,2026-05-25
44,0.1362,LOW,1,2026-05-25
45,0.7941,HIGH,1,2026-05-25
46,0.8512,HIGH,1,2026-05-25
47,0.5735,MEDIUM,1,2026-05-25
48,0.0295,LOW,1,2026-05-25
49,0.597,MEDIUM,1,2026-05-25
50,0.021,LOW,1,2026-05-25
51,0.962,HIGH,1,2026-05-25
52,0.3597,LOW,1,2026-05-25
53,0.4104,MEDIUM,1,2026-05-25
54,0.5267,MEDIUM,1,2026-05-25
55,0.7711,HIGH,1,2026-05-25
56,0.153,LOW,1,2026-05-25
57,0.1622,LOW,1,2026-05-25
58,0.1847,LOW,1,2026-05-25
59,0.0146,LOW,1,2026-05-25
60,0.0286,LOW,1,2026-05-25
61,0.096,LOW,1,2026-05-25
62,0.3779,LOW,1,2026-05-25
63,0.3499,LOW,1,2026-05-25
64,0.5593,MEDIUM,1,2026-05-25
65,0.6909,MEDIUM,1,2026-05-25
66,0.4112,MEDIUM,1,2026-05-25
67,0.5128,MEDIUM,1,2026-05-25
68,0.3887,LOW,1,2026-05-25
69,0.9233,HIGH,1,2026-05-25
70,0.0133,LOW,1,2026-05-25
71,0.0366,LOW,1,2026-05-25
72,0.8062,HIGH,1,2026-05-25
73,0.3452,LOW,1,2026-05-25
74,0.0844,LOW,1,2026-05-25
75,0.104,LOW,1,2026-05-25
76,0.1699,LOW,1,2026-05-25
77,0.7411,HIGH,1,2026-05-25
78,0.4499,MEDIUM,1,2026-05-25
79,0.015,LOW,1,2026-05-25
80,0.1015,LOW,1,2026-05-25
81,0.0572,LOW,1,2026-05-25
82,0.3606,LOW,1,2026-05-25
83,0.966,HIGH,1,2026-05-25
84,0.1642,LOW,1,2026-05-25
85,0.6261,MEDIUM,1,2026-05-25
86,0.8612,HIGH,1,2026-05-25
87,0.7563,HIGH,1,2026-05-25
88,0.712,HIGH,1,2026-05-25
89,0.1979,LOW,1,2026-05-25
90,0.7798,HIGH,1,2026-05-25
91,0.5139,MEDIUM,1,2026-05-25
92,0.0334,LOW,1,2026-05-25
93,0.7687,HIGH,1,2026-05-25
94,0.6255,MEDIUM,1,2026-05-25
95,0.058,LOW,1,2026-05-25
96,0.704,HIGH,1,2026-05-25
97,0.019,LOW,1,2026-05-25
98,0.8395,HIGH,1,2026-05-25
99,0.3354,LOW,1,2026-05-25
100,0.8613,HIGH,1,2026-05-25
101,0.7708,HIGH,1,2026-05-25
102,0.687,MEDIUM,1,2026-05-25
103,0.7039,HIGH,1,2026-05-25
104,0.5274,MEDIUM,1,2026-05-25
105,0.0097,LOW,1,2026-05-25
106,0.2446,LOW,1,2026-05-25
107,0.133,LOW,1,2026-05-25
108,0.109,LOW,1,2026-05-25
109,0.1548,LOW,1,2026-05-25
110,0.0531,LOW,1,2026-05-25
111,0.9056,HIGH,1,2026-05-25
112,0.3254,LOW,1,2026-05-25
113,0.7302,HIGH,1,2026-05-25
114,0.8268,HIGH,1,2026-05-25
115,0.1223,LOW,1,2026-05-25
116,0.7228,HIGH,1,2026-05-25
117,0.6365,MEDIUM,1,2026-05-25
118,0.1285,LOW,1,2026-05-25
119,0.0189,LOW,1,2026-05-25
120,0.1167,LOW,1,2026-05-25
121,0.8943,HIGH,1,2026-05-25
122,0.0439,LOW,1,2026-05-25
123,0.1206,LOW,1,2026-05-25
124,0.9181,HIGH,1,2026-05-25
125,0.0539,LOW,1,2026-05-25
126,0.5726,MEDIUM,1,2026-05-25
127,0.3727,LOW,1,2026-05-25
128,0.8074,HIGH,1,2026-05-25
129,0.2576,LOW,1,2026-05-25
130,0.4082,MEDIUM,1,2026-05-25
131,0.6593,MEDIUM,1,2026-05-25
132,0.2679,LOW,1,2026-05-25
133,0.3591,LOW,1,2026-05-25
134,0.079,LOW,1,2026-05-25
135,0.4002,MEDIUM,1,2026-05-25
136,0.0764,LOW,1,2026-05-25
137,0.1951,LOW,1,2026-05-25
138,0.0317,LOW,1,2026-05-25
139,0.6071,MEDIUM,1,2026-05-25
140,0.14,LOW,1,2026-05-25
141,0.1847,LOW,1,2026-05-25
142,0.8325,HIGH,1,2026-05-25
143,0.0569,LOW,1,2026-05-25
144,0.076,LOW,1,2026-05-25
145,0.1776,LOW,1,2026-05-25
146,0.1602,LOW,1,2026-05-25
147,0.5696,MEDIUM,1,2026-05-25
148,0.6945,MEDIUM,1,2026-05-25
149,0.6511,MEDIUM,1,2026-05-25
150,0.0487,LOW,1,2026-05-25
151,0.707,HIGH,1,2026-05-25
152,0.3089,LOW,1,2026-05-25
153,0.5139,MEDIUM,1,2026-05-25
154,0.8982,HIGH,1,2026-05-25
155,0.585,MEDIUM,1,2026-05-25
156,0.7691,HIGH,1,2026-05-25
157,0.6737,MEDIUM,1,2026-05-25
158,0.7473,HIGH,1,2026-05-25
159,0.7237,HIGH,1,2026-05-25
160,0.1318,LOW,1,2026-05-25
161,0.2599,LOW,1,2026-05-25
162,0.0088,LOW,1,2026-05-25
163,0.0306,LOW,1,2026-05-25
164,0.2019,LOW,1,2026-05-25
165,0.3792,LOW,1,2026-05-25
166,0.0914,LOW,1,2026-05-25
167,0.2766,LOW,1,2026-05-25
168,0.2914,LOW,1,2026-05-25
169,0.0399,LOW,1,2026-05-25
170,0.5996,MEDIUM,1,2026-05-25
171,0.9474,HIGH,1,2026-05-25
172,0.2653,LOW,1,2026-05-25
173,0.4199,MEDIUM,1,2026-05-25
174,0.6251,MEDIUM,1,2026-05-25
175,0.7172,HIGH,1,2026-05-25
176,0.0201,LOW,1,2026-05-25
177,0.0191,LOW,1,2026-05-25
178,0.6083,MEDIUM,1,2026-05-25
179,0.4151,MEDIUM,1,2026-05-25
180,0.8036,HIGH,1,2026-05-25
181,0.1349,LOW,1,2026-05-25
182,0.8457,HIGH,1,2026-05-25
183,0.5126,MEDIUM,1,2026-05-25
184,0.0095,LOW,1,2026-05-25
185,0.5364,MEDIUM,1,2026-05-25
186,0.1351,LOW,1,2026-05-25
187,0.6757,MEDIUM,1,2026-05-25
188,0.2149,LOW,1,2026-05-25
189,0.0738,LOW,1,2026-05-25
190,0.4035,MEDIUM,1,2026-05-25
191,0.7043,HIGH,1,2026-05-25
192,0.8165,HIGH,1,2026-05-25
193,0.0505,LOW,1,2026-05-25
194,0.7198,HIGH,1,2026-05-25
195,0.6019,MEDIUM,1,2026-05-25
196,0.5634,MEDIUM,1,2026-05-25
197,0.5972,MEDIUM,1,2026-05-25
198,0.715,HIGH,1,2026-05-25
199,0.6783,MEDIUM,1,2026-05-25
200,0.2688,LOW,1,2026-05-25
201,0.041,LOW,1,2026-05-25
202,0.1381,LOW,1,2026-05-25
203,0.1552,LOW,1,2026-05-25
204,0.3179,LOW,1,2026-05-25
205,0.2602,LOW,1,2026-05-25
206,0.1707,LOW,1,2026-05-25
207,0.3761,LOW,1,2026-05-25
208,0.452,MEDIUM,1,2026-05-25
209,0.0207,LOW,1,2026-05-25
210,0.3629,LOW,1,2026-05-25
211,0.6444,MEDIUM,1,2026-05-25
212,0.5894,MEDIUM,1,2026-05-25
213,0.0754,LOW,1,2026-05-25
214,0.035,LOW,1,2026-05-25
215,0.6625,MEDIUM,1,2026-05-25
216,0.0176,LOW,1,2026-05-25
217,0.7388,HIGH,1,2026-05-25
218,0.7478,HIGH,1,2026-05-25
219,0.2351,LOW,1,2026-05-25
220,0.2182,LOW,1,2026-05-25
221,0.3184,LOW,1,2026-05-25
222,0.7377,HIGH,1,2026-05-25
223,0.1909,LOW,1,2026-05-25
224,0.8473,HIGH,1,2026-05-25
225,0.2394,LOW,1,2026-05-25
226,0.0136,LOW,1,2026-05-25
227,0.3584,LOW,1,2026-05-25
228,0.8761,HIGH,1,2026-05-25
229,0.9164,HIGH,1,2026-05-25
230,0.1887,LOW,1,2026-05-25
231,0.8008,HIGH,1,2026-05-25
232,0.7186,HIGH,1,2026-05-25
233,0.0612,LOW,1,2026-05-25
234,0.9361,HIGH,1,2026-05-25
235,0.8647,HIGH,1,2026-05-25
236,0.5752,MEDIUM,1,2026-05-25
237,0.6302,MEDIUM,1,2026-05-25
238,0.2759,LOW,1,2026-05-25
239,0.7592,HIGH,1,2026-05-25
240,0.7858,HIGH,1,2026-05-25
241,0.7095,HIGH,1,2026-05-25
242,0.2094,LOW,1,2026-05-25
243,0.2374,LOW,1,2026-05-25
244,0.7776,HIGH,1,2026-05-25
245,0.7667,HIGH,1,2026-05-25
246,0.7479,HIGH,1,2026-05-25
247,0.089,LOW,1,2026-05-25
248,0.0754,LOW,1,2026-05-25
249,0.666,MEDIUM,1,2026-05-25
250,0.0974,LOW,1,2026-05-25
251,0.3178,LOW,1,2026-05-25
252,0.2476,LOW,1,2026-05-25
253,0.0857,LOW,1,2026-05-25
254,0.4811,MEDIUM,1,2026-05-25
255,0.0547,LOW,1,2026-05-25
256,0.1936,LOW,1,2026-05-25
257,0.5703,MEDIUM,1,2026-05-25
258,0.4867,MEDIUM,1,2026-05-25
259,0.6838,MEDIUM,1,2026-05-25
260,0.6883,MEDIUM,1,2026-05-25
261,0.2042,LOW,1,2026-05-25
262,0.0202,LOW,1,2026-05-25
263,0.2938,LOW,1,2026-05-25
264,0.8589,HIGH,1,2026-05-25
265,0.3849,LOW,1,2026-05-25
266,0.8494,HIGH,1,2026-05-25
267,0.051,LOW,1,2026-05-25
268,0.6877,MEDIUM,1,2026-05-25
269,0.7733,HIGH,1,2026-05-25
270,0.716,HIGH,1,2026-05-25
271,0.0185,LOW,1,2026-05-25
272,0.5773,MEDIUM,1,2026-05-25
273,0.5336,MEDIUM,1,2026-05-25
274,0.1757,LOW,1,2026-05-25
275,0.8067,HIGH,1,2026-05-25
276,0.9266,HIGH,1,2026-05-25
277,0.8289,HIGH,1,2026-05-25
278,0.9666,HIGH,1,2026-05-25
279,0.2392,LOW,1,2026-05-25
280,0.7529,HIGH,1,2026-05-25
281,0.2908,LOW,1,2026-05-25
282,0.721,HIGH,1,2026-05-25
283,0.1373,LOW,1,2026-05-25
284,0.6752,MEDIUM,1,2026-05-25
285,0.8828,HIGH,1,2026-05-25
286,0.4266,MEDIUM,1,2026-05-25
287,0.1796,LOW,1,2026-05-25
288,0.7749,HIGH,1,2026-05-25
289,0.0859,LOW,1,2026-05-25
290,0.4102,MEDIUM,1,2026-05-25
291,0.3756,LOW,1,2026-05-25
292,0.127,LOW,1,2026-05-25
293,0.2088,LOW,1,2026-05-25
294,0.1851,LOW,1,2026-05-25
295,0.4757,MEDIUM,1,2026-05-25
296,0.6203,MEDIUM,1,2026-05-25
297,0.2507,LOW,1,2026-05-25
298,0.077,LOW,1,2026-05-25
299,0.1947,LOW,1,2026-05-25
300,0.0183,LOW,1,2026-05-25
301,0.6394,MEDIUM,1,2026-05-25
302,0.7533,HIGH,1,2026-05-25
303,0.0554,LOW,1,2026-05-25
304,0.8862,HIGH,1,2026-05-25
305,0.4319,MEDIUM,1,2026-05-25
306,0.1104,LOW,1,2026-05-25
307,0.2598,LOW,1,2026-05-25
308,0.3572,LOW,1,2026-05-25
309,0.3907,LOW,1,2026-05-25
310,0.8397,HIGH,1,2026-05-25
311,0.7743,HIGH,1,2026-05-25
312,0.1301,LOW,1,2026-05-25
313,0.0823,LOW,1,2026-05-25
314,0.1634,LOW,1,2026-05-25
315,0.0642,LOW,1,2026-05-25
316,0.23,LOW,1,2026-05-25
317,0.218,LOW,1,2026-05-25
318,0.4923,MEDIUM,1,2026-05-25
319,0.7066,HIGH,1,2026-05-25
320,0.6966,MEDIUM,1,2026-05-25
321,0.8399,HIGH,1,2026-05-25
322,0.6547,MEDIUM,1,2026-05-25
323,0.2785,LOW,1,2026-05-25
324,0.5504,MEDIUM,1,2026-05-25
325,0.0805,LOW,1,2026-05-25
326,0.1623,LOW,1,2026-05-25
327,0.8106,HIGH,1,2026-05-25
328,0.2325,LOW,1,2026-05-25
329,0.0349,LOW,1,2026-05-25
330,0.4158,MEDIUM,1,2026-05-25
331,0.3842,LOW,1,2026-05-25
332,0.1128,LOW,1,2026-05-25
333,0.124,LOW,1,2026-05-25
334,0.0537,LOW,1,2026-05-25
335,0.0414,LOW,1,2026-05-25
336,0.783,HIGH,1,2026-05-25
337,0.1435,LOW,1,2026-05-25
338,0.0209,LOW,1,2026-05-25
339,0.0733,LOW,1,2026-05-25
340,0.0532,LOW,1,2026-05-25
341,0.9262,HIGH,1,2026-05-25
342,0.2949,LOW,1,2026-05-25
343,0.7078,HIGH,1,2026-05-25
344,0.9568,HIGH,1,2026-05-25
345,0.1619,LOW,1,2026-05-25
346,0.0254,LOW,1,2026-05-25
347,0.7141,HIGH,1,2026-05-25
348,0.3644,LOW,1,2026-05-25
349,0.8685,HIGH,1,2026-05-25
350,0.2976,LOW,1,2026-05-25
351,0.2136,LOW,1,2026-05-25
352,0.4271,MEDIUM,1,2026-05-25
353,0.449,MEDIUM,1,2026-05-25
354,0.013,LOW,1,2026-05-25
355,0.4861,MEDIUM,1,2026-05-25
356,0.1749,LOW,1,2026-05-25
357,0.7545,HIGH,1,2026-05-25
358,0.1301,LOW,1,2026-05-25
359,0.8286,HIGH,1,2026-05-25
360,0.8578,HIGH,1,2026-05-25
361,0.0693,LOW,1,2026-05-25
362,0.2548,LOW,1,2026-05-25
363,0.573,MEDIUM,1,2026-05-25
364,0.249,LOW,1,2026-05-25
365,0.2559,LOW,1,2026-05-25
366,0.4257,MEDIUM,1,2026-05-25
367,0.0977,LOW,1,2026-05-25
368,0.0863,LOW,1,2026-05-25
369,0.7776,HIGH,1,2026-05-25
370,0.7492,HIGH,1,2026-05-25
371,0.8259,HIGH,1,2026-05-25
372,0.5097,MEDIUM,1,2026-05-25
373,0.5738,MEDIUM,1,2026-05-25
374,0.448,MEDIUM,1,2026-05-25
375,0.221,LOW,1,2026-05-25
376,0.1754,LOW,1,2026-05-25
377,0.6732,MEDIUM,1,2026-05-25
378,0.1736,LOW,1,2026-05-25
379,0.1318,LOW,1,2026-05-25
380,0.2377,LOW,1,2026-05-25
381,0.3681,LOW,1,2026-05-25
382,0.0499,LOW,1,2026-05-25
383,0.8107,HIGH,1,2026-05-25
384,0.5695,MEDIUM,1,2026-05-25
385,0.5669,MEDIUM,1,2026-05-25
386,0.6437,MEDIUM,1,2026-05-25
387,0.8405,HIGH,1,2026-05-25
388,0.0448,LOW,1,2026-05-25
389,0.6846,MEDIUM,1,2026-05-25
390,0.058,LOW,1,2026-05-25
391,0.153,LOW,1,2026-05-25
392,0.6691,MEDIUM,1,2026-05-25
393,0.094,LOW,1,2026-05-25
394,0.5201,MEDIUM,1,2026-05-25
395,0.2065,LOW,1,2026-05-25
396,0.0846,LOW,1,2026-05-25
397,0.0914,LOW,1,2026-05-25
398,0.0229,LOW,1,2026-05-25
399,0.752,HIGH,1,2026-05-25
400,0.1208,LOW,1,2026-05-25
401,0.4529,MEDIUM,1,2026-05-25
402,0.472,MEDIUM,1,2026-05-25
403,0.4483,MEDIUM,1,2026-05-25
404,0.016,LOW,1,2026-05-25
405,0.4353,MEDIUM,1,2026-05-25
406,0.1915,LOW,1,2026-05-25
407,0.6795,MEDIUM,1,2026-05-25
408,0.8531,HIGH,1,2026-05-25
409,0.1012,LOW,1,2026-05-25
410,0.4537,MEDIUM,1,2026-05-25
411,0.7604,HIGH,1,2026-05-25
412,0.8417,HIGH,1,2026-05-25
413,0.6765,MEDIUM,1,2026-05-25
414,0.2569,LOW,1,2026-05-25
415,0.4824,MEDIUM,1,2026-05-25
416,0.4174,MEDIUM,1,2026-05-25
417,0.8918,HIGH,1,2026-05-25
418,0.2037,LOW,1,2026-05-25
419,0.7454,HIGH,1,2026-05-25
420,0.1353,LOW,1,2026-05-25
421,0.3739,LOW,1,2026-05-25
422,0.7353,HIGH,1,2026-05-25
423,0.6255,MEDIUM,1,2026-05-25
424,0.0269,LOW,1,2026-05-25
425,0.4145,MEDIUM,1,2026-05-25
426,0.6916,MEDIUM,1,2026-05-25
427,0.8441,HIGH,1,2026-05-25
428,0.0148,LOW,1,2026-05-25
429,0.011,LOW,1,2026-05-25
430,0.0709,LOW,1,2026-05-25
431,0.3814,LOW,1,2026-05-25
432,0.2793,LOW,1,2026-05-25
433,0.2974,LOW,1,2026-05-25
434,0.2549,LOW,1,2026-05-25
435,0.9288,HIGH,1,2026-05-25
436,0.0423,LOW,1,2026-05-25
437,0.0876,LOW,1,2026-05-25
438,0.2372,LOW,1,2026-05-25
439,0.4683,MEDIUM,1,2026-05-25
440,0.2907,LOW,1,2026-05-25
441,0.7321,HIGH,1,2026-05-25
442,0.2377,LOW,1,2026-05-25
443,0.368,LOW,1,2026-05-25
444,0.4364,MEDIUM,1,2026-05-25
445,0.4978,MEDIUM,1,2026-05-25
446,0.0246,LOW,1,2026-05-25
447,0.0712,LOW,1,2026-05-25
448,0.7618,HIGH,1,2026-05-25
449,0.8509,HIGH,1,2026-05-25
450,0.7361,HIGH,1,2026-05-25
451,0.2337,LOW,1,2026-05-25
452,0.3583,LOW,1,2026-05-25
453,0.3971,LOW,1,2026-05-25
454,0.8836,HIGH,1,2026-05-25
455,0.0128,LOW,1,2026-05-25
456,0.5065,MEDIUM,1,2026-05-25
457,0.0269,LOW,1,2026-05-25
458,0.0272,LOW,1,2026-05-25
459,0.5748,MEDIUM,1,2026-05-25
460,0.0585,LOW,1,2026-05-25
461,0.3663,LOW,1,2026-05-25
462,0.4591,MEDIUM,1,2026-05-25
463,0.1134,LOW,1,2026-05-25
464,0.0238,LOW,1,2026-05-25
465,0.1579,LOW,1,2026-05-25
466,0.0807,LOW,1,2026-05-25
467,0.7353,HIGH,1,2026-05-25
468,0.3175,LOW,1,2026-05-25
469,0.1137,LOW,1,2026-05-25
470,0.3438,LOW,1,2026-05-25
471,0.301,LOW,1,2026-05-25
472,0.2573,LOW,1,2026-05-25
473,0.089,LOW,1,2026-05-25
474,0.2486,LOW,1,2026-05-25
475,0.0127,LOW,1,2026-05-25
476,0.403,MEDIUM,1,2026-05-25
477,0.5662,MEDIUM,1,2026-05-25
478,0.6911,MEDIUM,1,2026-05-25
479,0.7248,HIGH,1,2026-05-25
480,0.7736,HIGH,1,2026-05-25
481,0.7169,HIGH,1,2026-05-25
482,0.0134,LOW,1,2026-05-25
483,0.5419,MEDIUM,1,2026-05-25
484,0.8659,HIGH,1,2026-05-25
485,0.0665,LOW,1,2026-05-25
486,0.0215,LOW,1,2026-05-25
487,0.1355,LOW,1,2026-05-25
488,0.9074,HIGH,1,2026-05-25
489,0.4934,MEDIUM,1,2026-05-25
490,0.6768,MEDIUM,1,2026-05-25
491,0.8205,HIGH,1,2026-05-25
492,0.367,LOW,1,2026-05-25
493,0.7694,HIGH,1,2026-05-25
494,0.0209,LOW,1,2026-05-25
495,0.8604,HIGH,1,2026-05-25
496,0.4605,MEDIUM,1,2026-05-25
497,0.5602,MEDIUM,1,2026-05-25
498,0.0579,LOW,1,2026-05-25
499,0.7957,HIGH,1,2026-05-25
500,0.0305,LOW,1,2026-05-25
501,0.6331,MEDIUM,1,2026-05-25
502,0.8353,HIGH,1,2026-05-25
503,0.0131,LOW,1,2026-05-25
504,0.122,LOW,1,2026-05-25
505,0.0633,LOW,1,2026-05-25
506,0.5516,MEDIUM,1,2026-05-25
507,0.0176,LOW,1,2026-05-25
508,0.5472,MEDIUM,1,2026-05-25
509,0.0203,LOW,1,2026-05-25
510,0.9098,HIGH,1,2026-05-25
511,0.2298,LOW,1,2026-05-25
512,0.2476,LOW,1,2026-05-25
513,0.138,LOW,1,2026-05-25
514,0.6877,MEDIUM,1,2026-05-25
515,0.2102,LOW,1,2026-05-25
516,0.12,LOW,1,2026-05-25
517,0.4324,MEDIUM,1,2026-05-25
518,0.6129,MEDIUM,1,2026-05-25
519,0.2845,LOW,1,2026-05-25
520,0.1257,LOW,1,2026-05-25
521,0.4374,MEDIUM,1,2026-05-25
522,0.4313,MEDIUM,1,2026-05-25
523,0.6841,MEDIUM,1,2026-05-25
524,0.3453,LOW,1,2026-05-25
525,0.6351,MEDIUM,1,2026-05-25
526,0.3146,LOW,1,2026-05-25
527,0.4149,MEDIUM,1,2026-05-25
528,0.5125,MEDIUM,1,2026-05-25
529,0.0174,LOW,1,2026-05-25
530,0.7206,HIGH,1,2026-05-25
531,0.21,LOW,1,2026-05-25
532,0.5442,MEDIUM,1,2026-05-25
533,0.8724,HIGH,1,2026-05-25
534,0.1585,LOW,1,2026-05-25
535,0.3898,LOW,1,2026-05-25
536,0.5131,MEDIUM,1,2026-05-25
537,0.0183,LOW,1,2026-05-25
538,0.8348,HIGH,1,2026-05-25
539,0.458,MEDIUM,1,2026-05-25
540,0.4563,MEDIUM,1,2026-05-25
541,0.2339,LOW,1,2026-05-25
542,0.9169,HIGH,1,2026-05-25
543,0.1662,LOW,1,2026-05-25
544,0.773,HIGH,1,2026-05-25
545,0.3517,LOW,1,2026-05-25
546,0.0747,LOW,1,2026-05-25
547,0.0993,LOW,1,2026-05-25
548,0.7997,HIGH,1,2026-05-25
549,0.0217,LOW,1,2026-05-25
550,0.3778,LOW,1,2026-05-25
551,0.1041,LOW,1,2026-05-25
552,0.7075,HIGH,1,2026-05-25
553,0.2405,LOW,1,2026-05-25
554,0.0255,LOW,1,2026-05-25
555,0.8776,HIGH,1,2026-05-25
556,0.748,HIGH,1,2026-05-25
557,0.8026,HIGH,1,2026-05-25
558,0.2769,LOW,1,2026-05-25
559,0.7287,HIGH,1,2026-05-25
560,0.2306,LOW,1,2026-05-25
561,0.5526,MEDIUM,1,2026-05-25
562,0.6,MEDIUM,1,2026-05-25
563,0.1189,LOW,1,2026-05-25
564,0.1103,LOW,1,2026-05-25
565,0.7603,HIGH,1,2026-05-25
566,0.8026,HIGH,1,2026-05-25
567,0.8458,HIGH,1,2026-05-25
568,0.8742,HIGH,1,2026-05-25
569,0.6658,MEDIUM,1,2026-05-25
570,0.0264,LOW,1,2026-05-25
571,0.6378,MEDIUM,1,2026-05-25
572,0.8177,HIGH,1,2026-05-25
573,0.7729,HIGH,1,2026-05-25
574,0.0329,LOW,1,2026-05-25
575,0.5039,MEDIUM,1,2026-05-25
576,0.5575,MEDIUM,1,2026-05-25
577,0.4056,MEDIUM,1,2026-05-25
578,0.028,LOW,1,2026-05-25
579,0.0837,LOW,1,2026-05-25
580,0.018,LOW,1,2026-05-25
581,0.7968,HIGH,1,2026-05-25
582,0.0118,LOW,1,2026-05-25
583,0.0108,LOW,1,2026-05-25
584,0.1191,LOW,1,2026-05-25
585,0.0579,LOW,1,2026-05-25
586,0.9031,HIGH,1,2026-05-25
587,0.3315,LOW,1,2026-05-25
588,0.1415,LOW,1,2026-05-25
589,0.7483,HIGH,1,2026-05-25
590,0.4769,MEDIUM,1,2026-05-25
591,0.5854,MEDIUM,1,2026-05-25
592,0.4469,MEDIUM,1,2026-05-25
593,0.8165,HIGH,1,2026-05-25
594,0.9008,HIGH,1,2026-05-25
595,0.2257,LOW,1,2026-05-25
596,0.0369,LOW,1,2026-05-25
597,0.0413,LOW,1,2026-05-25
598,0.6257,MEDIUM,1,2026-05-25
599,0.1237,LOW,1,2026-05-25
600,0.3182,LOW,1,2026-05-25
601,0.8065,HIGH,1,2026-05-25
602,0.024,LOW,1,2026-05-25
603,0.8213,HIGH,1,2026-05-25
604,0.8422,HIGH,1,2026-05-25
605,0.0896,LOW,1,2026-05-25
606,0.2018,LOW,1,2026-05-25
607,0.539,MEDIUM,1,2026-05-25
608,0.3981,LOW,1,2026-05-25
609,0.0815,LOW,1,2026-05-25
610,0.0141,LOW,1,2026-05-25
611,0.3713,LOW,1,2026-05-25
612,0.182,LOW,1,2026-05-25
613,0.5581,MEDIUM,1,2026-05-25
614,0.3588,LOW,1,2026-05-25
615,0.4693,MEDIUM,1,2026-05-25
616,0.0539,LOW,1,2026-05-25
617,0.069,LOW,1,2026-05-25
618,0.9515,HIGH,1,2026-05-25
619,0.4185,MEDIUM,1,2026-05-25
620,0.1584,LOW,1,2026-05-25
621,0.8367,HIGH,1,2026-05-25
622,0.752,HIGH,1,2026-05-25
623,0.0182,LOW,1,2026-05-25
624,0.0282,LOW,1,2026-05-25
625,0.3535,LOW,1,2026-05-25
626,0.0297,LOW,1,2026-05-25
627,0.9401,HIGH,1,2026-05-25
628,0.794,HIGH,1,2026-05-25
629,0.9258,HIGH,1,2026-05-25
630,0.9404,HIGH,1,2026-05-25
631,0.0943,LOW,1,2026-05-25
632,0.7255,HIGH,1,2026-05-25
633,0.0906,LOW,1,2026-05-25
634,0.833,HIGH,1,2026-05-25
635,0.3328,LOW,1,2026-05-25
636,0.1497,LOW,1,2026-05-25
637,0.1658,LOW,1,2026-05-25
638,0.3123,LOW,1,2026-05-25
639,0.4105,MEDIUM,1,2026-05-25
640,0.0146,LOW,1,2026-05-25
641,0.8029,HIGH,1,2026-05-25
642,0.1657,LOW,1,2026-05-25
643,0.2091,LOW,1,2026-05-25
644,0.0201,LOW,1,2026-05-25
645,0.5729,MEDIUM,1,2026-05-25
646,0.5117,MEDIUM,1,2026-05-25
647,0.931,HIGH,1,2026-05-25
648,0.8958,HIGH,1,2026-05-25
649,0.3913,LOW,1,2026-05-25
650,0.6105,MEDIUM,1,2026-05-25
651,0.5307,MEDIUM,1,2026-05-25
652,0.2742,LOW,1,2026-05-25
653,0.8307,HIGH,1,2026-05-25
654,0.9183,HIGH,1,2026-05-25
655,0.0097,LOW,1,2026-05-25
656,0.2076,LOW,1,2026-05-25
657,0.4005,MEDIUM,1,2026-05-25
658,0.6971,MEDIUM,1,2026-05-25
659,0.0251,LOW,1,2026-05-25
660,0.1967,LOW,1,2026-05-25
661,0.1967,LOW,1,2026-05-25
662,0.0374,LOW,1,2026-05-25
663,0.8571,HIGH,1,2026-05-25
664,0.0091,LOW,1,2026-05-25
665,0.2292,LOW,1,2026-05-25
666,0.5854,MEDIUM,1,2026-05-25
667,0.1444,LOW,1,2026-05-25
668,0.4458,MEDIUM,1,2026-05-25
669,0.2605,LOW,1,2026-05-25
670,0.6931,MEDIUM,1,2026-05-25
671,0.3433,LOW,1,2026-05-25
672,0.2918,LOW,1,2026-05-25
673,0.2255,LOW,1,2026-05-25
674,0.8092,HIGH,1,2026-05-25
675,0.1176,LOW,1,2026-05-25
676,0.0541,LOW,1,2026-05-25
677,0.3135,LOW,1,2026-05-25
678,0.7136,HIGH,1,2026-05-25
679,0.4112,MEDIUM,1,2026-05-25
680,0.056,LOW,1,2026-05-25
681,0.1855,LOW,1,2026-05-25
682,0.1236,LOW,1,2026-05-25
683,0.3451,LOW,1,2026-05-25
684,0.6674,MEDIUM,1,2026-05-25
685,0.8153,HIGH,1,2026-05-25
686,0.5051,MEDIUM,1,2026-05-25
687,0.0431,LOW,1,2026-05-25
688,0.6859,MEDIUM,1,2026-05-25
689,0.5437,MEDIUM,1,2026-05-25
690,0.124,LOW,1,2026-05-25
691,0.2313,LOW,1,2026-05-25
692,0.205,LOW,1,2026-05-25
693,0.8672,HIGH,1,2026-05-25
694,0.0244,LOW,1,2026-05-25
695,0.4052,MEDIUM,1,2026-05-25
696,0.0871,LOW,1,2026-05-25
697,0.3779,LOW,1,2026-05-25
698,0.1289,LOW,1,2026-05-25
699,0.5392,MEDIUM,1,2026-05-25
700,0.6647,MEDIUM,1,2026-05-25
701,0.4032,MEDIUM,1,2026-05-25
702,0.1536,LOW,1,2026-05-25
703,0.0353,LOW,1,2026-05-25
704,0.3072,LOW,1,2026-05-25
705,0.0137,LOW,1,2026-05-25
706,0.3906,LOW,1,2026-05-25
707,0.7183,HIGH,1,2026-05-25
708,0.0184,LOW,1,2026-05-25
709,0.0393,LOW,1,2026-05-25
710,0.9595,HIGH,1,2026-05-25
711,0.8151,HIGH,1,2026-05-25
712,0.7333,HIGH,1,2026-05-25
713,0.8383,HIGH,1,2026-05-25
714,0.6458,MEDIUM,1,2026-05-25
715,0.1771,LOW,1,2026-05-25
716,0.4488,MEDIUM,1,2026-05-25
717,0.3573,LOW,1,2026-05-25
718,0.8332,HIGH,1,2026-05-25
719,0.2674,LOW,1,2026-05-25
720,0.0307,LOW,1,2026-05-25
721,0.0117,LOW,1,2026-05-25
722,0.408,MEDIUM,1,2026-05-25
723,0.7877,HIGH,1,2026-05-25
724,0.086,LOW,1,2026-05-25
725,0.7269,HIGH,1,2026-05-25
726,0.8141,HIGH,1,2026-05-25
727,0.0772,LOW,1,2026-05-25
728,0.8954,HIGH,1,2026-05-25
729,0.5966,MEDIUM,1,2026-05-25
730,0.3845,LOW,1,2026-05-25
731,0.5023,MEDIUM,1,2026-05-25
732,0.0266,LOW,1,2026-05-25
733,0.929,HIGH,1,2026-05-25
734,0.8117,HIGH,1,2026-05-25
735,0.828,HIGH,1,2026-05-25
736,0.1479,LOW,1,2026-05-25
737,0.3889,LOW,1,2026-05-25
738,0.03,LOW,1,2026-05-25
739,0.0977,LOW,1,2026-05-25
740,0.9267,HIGH,1,2026-05-25
741,0.7257,HIGH,1,2026-05-25
742,0.4164,MEDIUM,1,2026-05-25
743,0.7961,HIGH,1,2026-05-25
744,0.4799,MEDIUM,1,2026-05-25
745,0.3783,LOW,1,2026-05-25
746,0.8967,HIGH,1,2026-05-25
747,0.0427,LOW,1,2026-05-25
748,0.0397,LOW,1,2026-05-25
749,0.9116,HIGH,1,2026-05-25
750,0.1168,LOW,1,2026-05-25
751,0.0267,LOW,1,2026-05-25
752,0.0171,LOW,1,2026-05-25
753,0.5091,MEDIUM,1,2026-05-25
754,0.0453,LOW,1,2026-05-25
755,0.0548,LOW,1,2026-05-25
756,0.5876,MEDIUM,1,2026-05-25
757,0.2093,LOW,1,2026-05-25
758,0.6246,MEDIUM,1,2026-05-25
759,0.1239,LOW,1,2026-05-25
760,0.7192,HIGH,1,2026-05-25
761,0.0144,LOW,1,2026-05-25
762,0.9504,HIGH,1,2026-05-25
763,0.6199,MEDIUM,1,2026-05-25
764,0.7221,HIGH,1,2026-05-25
765,0.5771,MEDIUM,1,2026-05-25
766,0.6218,MEDIUM,1,2026-05-25
767,0.2393,LOW,1,2026-05-25
768,0.1397,LOW,1,2026-05-25
769,0.7338,HIGH,1,2026-05-25
770,0.6891,MEDIUM,1,2026-05-25
771,0.9298,HIGH,1,2026-05-25
772,0.1686,LOW,1,2026-05-25
773,0.6036,MEDIUM,1,2026-05-25
774,0.8917,HIGH,1,2026-05-25
775,0.6909,MEDIUM,1,2026-05-25
776,0.6386,MEDIUM,1,2026-05-25
777,0.278,LOW,1,2026-05-25
778,0.1171,LOW,1,2026-05-25
779,0.0624,LOW,1,2026-05-25
780,0.1949,LOW,1,2026-05-25
781,0.0733,LOW,1,2026-05-25
782,0.0769,LOW,1,2026-05-25
783,0.6956,MEDIUM,1,2026-05-25
784,0.0658,LOW,1,2026-05-25
785,0.0531,LOW,1,2026-05-25
786,0.6253,MEDIUM,1,2026-05-25
787,0.278,LOW,1,2026-05-25
788,0.9399,HIGH,1,2026-05-25
789,0.2722,LOW,1,2026-05-25
790,0.1492,LOW,1,2026-05-25
791,0.2714,LOW,1,2026-05-25
792,0.1129,LOW,1,2026-05-25
793,0.015,LOW,1,2026-05-25
794,0.8075,HIGH,1,2026-05-25
795,0.0664,LOW,1,2026-05-25
796,0.115,LOW,1,2026-05-25
797,0.5008,MEDIUM,1,2026-05-25
798,0.6341,MEDIUM,1,2026-05-25
799,0.3971,LOW,1,2026-05-25
800,0.033,LOW,1,2026-05-25
801,0.7957,HIGH,1,2026-05-25
802,0.0597,LOW,1,2026-05-25
803,0.3332,LOW,1,2026-05-25
804,0.1549,LOW,1,2026-05-25
805,0.0905,LOW,1,2026-05-25
806,0.7101,HIGH,1,2026-05-25
807,0.3837,LOW,1,2026-05-25
808,0.196,LOW,1,2026-05-25
809,0.5113,MEDIUM,1,2026-05-25
810,0.3992,LOW,1,2026-05-25
811,0.3523,LOW,1,2026-05-25
812,0.0879,LOW,1,2026-05-25
813,0.9122,HIGH,1,2026-05-25
814,0.8965,HIGH,1,2026-05-25
815,0.111,LOW,1,2026-05-25
816,0.9093,HIGH,1,2026-05-25
817,0.6888,MEDIUM,1,2026-05-25
818,0.8075,HIGH,1,2026-05-25
819,0.0541,LOW,1,2026-05-25
820,0.2624,LOW,1,2026-05-25
821,0.6986,MEDIUM,1,2026-05-25
822,0.3204,LOW,1,2026-05-25
823,0.2045,LOW,1,2026-05-25
824,0.0363,LOW,1,2026-05-25
825,0.1483,LOW,1,2026-05-25
826,0.7612,HIGH,1,2026-05-25
827,0.0375,LOW,1,2026-05-25
828,0.8961,HIGH,1,2026-05-25
829,0.6702,MEDIUM,1,2026-05-25
830,0.8266,HIGH,1,2026-05-25
831,0.5873,MEDIUM,1,2026-05-25
832,0.1011,LOW,1,2026-05-25
833,0.8577,HIGH,1,2026-05-25
834,0.7263,HIGH,1,2026-05-25
835,0.111,LOW,1,2026-05-25
836,0.0997,LOW,1,2026-05-25
837,0.0095,LOW,1,2026-05-25
838,0.1298,LOW,1,2026-05-25
839,0.7465,HIGH,1,2026-05-25
840,0.0814,LOW,1,2026-05-25
841,0.3473,LOW,1,2026-05-25
842,0.4903,MEDIUM,1,2026-05-25
843,0.0361,LOW,1,2026-05-25
844,0.7111,HIGH,1,2026-05-25
845,0.0685,LOW,1,2026-05-25
846,0.2058,LOW,1,2026-05-25
847,0.8502,HIGH,1,2026-05-25
848,0.0568,LOW,1,2026-05-25
849,0.1654,LOW,1,2026-05-25
850,0.0218,LOW,1,2026-05-25
851,0.0913,LOW,1,2026-05-25
852,0.7337,HIGH,1,2026-05-25
853,0.0303,LOW,1,2026-05-25
854,0.7394,HIGH,1,2026-05-25
855,0.4185,MEDIUM,1,2026-05-25
856,0.7027,HIGH,1,2026-05-25
857,0.2319,LOW,1,2026-05-25
858,0.4131,MEDIUM,1,2026-05-25
859,0.1287,LOW,1,2026-05-25
860,0.2662,LOW,1,2026-05-25
861,0.1591,LOW,1,2026-05-25
862,0.0917,LOW,1,2026-05-25
863,0.695,MEDIUM,1,2026-05-25
864,0.6037,MEDIUM,1,2026-05-25
865,0.6124,MEDIUM,1,2026-05-25
866,0.6824,MEDIUM,1,2026-05-25
867,0.0376,LOW,1,2026-05-25
868,0.0653,LOW,1,2026-05-25
869,0.0159,LOW,1,2026-05-25
870,0.5193,MEDIUM,1,2026-05-25
871,0.5361,MEDIUM,1,2026-05-25
872,0.9451,HIGH,1,2026-05-25
873,0.6017,MEDIUM,1,2026-05-25
874,0.371,LOW,1,2026-05-25
875,0.3798,LOW,1,2026-05-25
876,0.4148,MEDIUM,1,2026-05-25
877,0.5135,MEDIUM,1,2026-05-25
878,0.434,MEDIUM,1,2026-05-25
879,0.0726,LOW,1,2026-05-25
880,0.7974,HIGH,1,2026-05-25
881,0.8269,HIGH,1,2026-05-25
882,0.882,HIGH,1,2026-05-25
883,0.0218,LOW,1,2026-05-25
884,0.6381,MEDIUM,1,2026-05-25
885,0.1148,LOW,1,2026-05-25
886,0.1846,LOW,1,2026-05-25
887,0.7203,HIGH,1,2026-05-25
888,0.719,HIGH,1,2026-05-25
889,0.937,HIGH,1,2026-05-25
890,0.4714,MEDIUM,1,2026-05-25
891,0.3224,LOW,1,2026-05-25
892,0.5695,MEDIUM,1,2026-05-25
893,0.4153,MEDIUM,1,2026-05-25
894,0.757,HIGH,1,2026-05-25
895,0.0194,LOW,1,2026-05-25
896,0.6366,MEDIUM,1,2026-05-25
897,0.0494,LOW,1,2026-05-25
898,0.8698,HIGH,1,2026-05-25
899,0.249,LOW,1,2026-05-25
900,0.863,HIGH,1,2026-05-25
901,0.0158,LOW,1,2026-05-25
902,0.2691,LOW,1,2026-05-25
903,0.3369,LOW,1,2026-05-25
904,0.7539,HIGH,1,2026-05-25
905,0.0704,LOW,1,2026-05-25
906,0.7606,HIGH,1,2026-05-25
907,0.8548,HIGH,1,2026-05-25
908,0.3532,LOW,1,2026-05-25
909,0.2991,LOW,1,2026-05-25
910,0.2494,LOW,1,2026-05-25
911,0.9128,HIGH,1,2026-05-25
912,0.1781,LOW,1,2026-05-25
913,0.7688,HIGH,1,2026-05-25
914,0.8221,HIGH,1,2026-05-25
915,0.1837,LOW,1,2026-05-25
916,0.3108,LOW,1,2026-05-25
917,0.4975,MEDIUM,1,2026-05-25
918,0.2258,LOW,1,2026-05-25
919,0.1684,LOW,1,2026-05-25
920,0.8236,HIGH,1,2026-05-25
921,0.8332,HIGH,1,2026-05-25
922,0.1528,LOW,1,2026-05-25
923,0.2756,LOW,1,2026-05-25
924,0.0387,LOW,1,2026-05-25
925,0.6766,MEDIUM,1,2026-05-25
926,0.0275,LOW,1,2026-05-25
927,0.51,MEDIUM,1,2026-05-25
928,0.4177,MEDIUM,1,2026-05-25
929,0.5744,MEDIUM,1,2026-05-25
930,0.2166,LOW,1,2026-05-25
931,0.0864,LOW,1,2026-05-25
932,0.265,LOW,1,2026-05-25
933,0.6061,MEDIUM,1,2026-05-25
934,0.0508,LOW,1,2026-05-25
935,0.452,MEDIUM,1,2026-05-25
936,0.7207,HIGH,1,2026-05-25
937,0.0361,LOW,1,2026-05-25
938,0.7088,HIGH,1,2026-05-25
939,0.0131,LOW,1,2026-05-25
940,0.9267,HIGH,1,2026-05-25
941,0.0583,LOW,1,2026-05-25
942,0.2318,LOW,1,2026-05-25
943,0.9112,HIGH,1,2026-05-25
944,0.1004,LOW,1,2026-05-25
945,0.728,HIGH,1,2026-05-25
946,0.3894,LOW,1,2026-05-25
947,0.9216,HIGH,1,2026-05-25
948,0.9135,HIGH,1,2026-05-25
949,0.8137,HIGH,1,2026-05-25
950,0.7588,HIGH,1,2026-05-25
951,0.1673,LOW,1,2026-05-25
952,0.9448,HIGH,1,2026-05-25
953,0.0214,LOW,1,2026-05-25
954,0.8322,HIGH,1,2026-05-25
955,0.0138,LOW,1,2026-05-25
956,0.5545,MEDIUM,1,2026-05-25
957,0.8396,HIGH,1,2026-05-25
958,0.8556,HIGH,1,2026-05-25
959,0.3189,LOW,1,2026-05-25
960,0.8674,HIGH,1,2026-05-25
961,0.0798,LOW,1,2026-05-25
962,0.6452,MEDIUM,1,2026-05-25
963,0.2887,LOW,1,2026-05-25
964,0.0144,LOW,1,2026-05-25
965,0.0629,LOW,1,2026-05-25
966,0.7355,HIGH,1,2026-05-25
967,0.66,MEDIUM,1,2026-05-25
968,0.0156,LOW,1,2026-05-25
969,0.0285,LOW,1,2026-05-25
970,0.0193,LOW,1,2026-05-25
971,0.5056,MEDIUM,1,2026-05-25
972,0.487,MEDIUM,1,2026-05-25
973,0.892,HIGH,1,2026-05-25
974,0.046,LOW,1,2026-05-25
975,0.3397,LOW,1,2026-05-25
976,0.7629,HIGH,1,2026-05-25
977,0.4359,MEDIUM,1,2026-05-25
978,0.5642,MEDIUM,1,2026-05-25
979,0.7599,HIGH,1,2026-05-25
980,0.8041,HIGH,1,2026-05-25
981,0.4157,MEDIUM,1,2026-05-25
982,0.3068,LOW,1,2026-05-25
983,0.0743,LOW,1,2026-05-25
984,0.0204,LOW,1,2026-05-25
985,0.1889,LOW,1,2026-05-25
986,0.0205,LOW,1,2026-05-25
987,0.8862,HIGH,1,2026-05-25
988,0.5748,MEDIUM,1,2026-05-25
989,0.6022,MEDIUM,1,2026-05-25
990,0.1239,LOW,1,2026-05-25
991,0.0246,LOW,1,2026-05-25
992,0.3045,LOW,1,2026-05-25
993,0.7175,HIGH,1,2026-05-25
994,0.6417,MEDIUM,1,2026-05-25
995,0.9006,HIGH,1,2026-05-25
996,0.4458,MEDIUM,1,2026-05-25
997,0.6918,MEDIUM,1,2026-05-25
998,0.0212,LOW,1,2026-05-25
999,0.5794,MEDIUM,1,2026-05-25
1000,0.5914,MEDIUM,1,2026-05-25
1001,0.7621,HIGH,1,2026-05-25
1002,0.3797,LOW,1,2026-05-25
1003,0.1984,LOW,1,2026-05-25
1004,0.2374,LOW,1,2026-05-25
1005,0.5736,MEDIUM,1,2026-05-25
1006,0.1025,LOW,1,2026-05-25
1007,0.8265,HIGH,1,2026-05-25
1008,0.0681,LOW,1,2026-05-25
1009,0.1504,LOW,1,2026-05-25
1010,0.7025,HIGH,1,2026-05-25
1011,0.1167,LOW,1,2026-05-25
1012,0.4516,MEDIUM,1,2026-05-25
1013,0.0586,LOW,1,2026-05-25
1014,0.3118,LOW,1,2026-05-25
1015,0.2736,LOW,1,2026-05-25
1016,0.1612,LOW,1,2026-05-25
1017,0.254,LOW,1,2026-05-25
1018,0.5256,MEDIUM,1,2026-05-25
1019,0.4183,MEDIUM,1,2026-05-25
1020,0.0556,LOW,1,2026-05-25
1021,0.0267,LOW,1,2026-05-25
1022,0.7376,HIGH,1,2026-05-25
1023,0.5845,MEDIUM,1,2026-05-25
1024,0.4166,MEDIUM,1,2026-05-25
1025,0.0582,LOW,1,2026-05-25
1026,0.0418,LOW,1,2026-05-25
1027,0.7288,HIGH,1,2026-05-25
1028,0.3227,LOW,1,2026-05-25
1029,0.4631,MEDIUM,1,2026-05-25
1030,0.0428,LOW,1,2026-05-25
1031,0.1206,LOW,1,2026-05-25
1032,0.4406,MEDIUM,1,2026-05-25
1033,0.3742,LOW,1,2026-05-25
1034,0.8866,HIGH,1,2026-05-25
1035,0.4603,MEDIUM,1,2026-05-25
1036,0.3071,LOW,1,2026-05-25
1037,0.1151,LOW,1,2026-05-25
1038,0.5292,MEDIUM,1,2026-05-25
1039,0.3585,LOW,1,2026-05-25
1040,0.8059,HIGH,1,2026-05-25
1041,0.1606,LOW,1,2026-05-25
1042,0.213,LOW,1,2026-05-25
1043,0.0985,LOW,1,2026-05-25
1044,0.1352,LOW,1,2026-05-25
1045,0.4451,MEDIUM,1,2026-05-25
1046,0.1661,LOW,1,2026-05-25
1047,0.2528,LOW,1,2026-05-25
1048,0.8702,HIGH,1,2026-05-25
1049,0.4015,MEDIUM,1,2026-05-25
1050,0.108,LOW,1,2026-05-25
1051,0.1275,LOW,1,2026-05-25
1052,0.113,LOW,1,2026-05-25
1053,0.6958,MEDIUM,1,2026-05-25
1054,0.0725,LOW,1,2026-05-25
1055,0.0229,LOW,1,2026-05-25
1056,0.8165,HIGH,1,2026-05-25
1057,0.0475,LOW,1,2026-05-25
1058,0.8139,HIGH,1,2026-05-25
1059,0.0122,LOW,1,2026-05-25
1060,0.0401,LOW,1,2026-05-25
1061,0.6439,MEDIUM,1,2026-05-25
1062,0.0619,LOW,1,2026-05-25
1063,0.4581,MEDIUM,1,2026-05-25
1064,0.7653,HIGH,1,2026-05-25
1065,0.3643,LOW,1,2026-05-25
1066,0.8772,HIGH,1,2026-05-25
1067,0.5016,MEDIUM,1,2026-05-25
1068,0.1749,LOW,1,2026-05-25
1069,0.0327,LOW,1,2026-05-25
1070,0.2923,LOW,1,2026-05-25
1071,0.4857,MEDIUM,1,2026-05-25
1072,0.4338,MEDIUM,1,2026-05-25
1073,0.7604,HIGH,1,2026-05-25
1074,0.7628,HIGH,1,2026-05-25
1075,0.3643,LOW,1,2026-05-25
1076,0.0905,LOW,1,2026-05-25
1077,0.2031,LOW,1,2026-05-25
1078,0.7079,HIGH,1,2026-05-25
1079,0.2212,LOW,1,2026-05-25
1080,0.2539,LOW,1,2026-05-25
1081,0.0565,LOW,1,2026-05-25
1082,0.8534,HIGH,1,2026-05-25
1083,0.9061,HIGH,1,2026-05-25
1084,0.6969,MEDIUM,1,2026-05-25
1085,0.6979,MEDIUM,1,2026-05-25
1086,0.0437,LOW,1,2026-05-25
1087,0.1593,LOW,1,2026-05-25
1088,0.8756,HIGH,1,2026-05-25
1089,0.1148,LOW,1,2026-05-25
1090,0.9807,HIGH,1,2026-05-25
1091,0.4602,MEDIUM,1,2026-05-25
1092,0.9063,HIGH,1,2026-05-25
1093,0.8062,HIGH,1,2026-05-25
1094,0.6375,MEDIUM,1,2026-05-25
1095,0.1765,LOW,1,2026-05-25
1096,0.0864,LOW,1,2026-05-25
1097,0.4152,MEDIUM,1,2026-05-25
1098,0.1965,LOW,1,2026-05-25
1099,0.0197,LOW,1,2026-05-25
1100,0.1906,LOW,1,2026-05-25
1101,0.6393,MEDIUM,1,2026-05-25
1102,0.7723,HIGH,1,2026-05-25
1103,0.0578,LOW,1,2026-05-25
1104,0.6683,MEDIUM,1,2026-05-25
1105,0.0133,LOW,1,2026-05-25
1106,0.7027,HIGH,1,2026-05-25
1107,0.7032,HIGH,1,2026-05-25
1108,0.2089,LOW,1,2026-05-25
1109,0.9684,HIGH,1,2026-05-25
1110,0.04,LOW,1,2026-05-25
1111,0.0538,LOW,1,2026-05-25
1112,0.6808,MEDIUM,1,2026-05-25
1113,0.4544,MEDIUM,1,2026-05-25
1114,0.0594,LOW,1,2026-05-25
1115,0.3745,LOW,1,2026-05-25
1116,0.9356,HIGH,1,2026-05-25
1117,0.8696,HIGH,1,2026-05-25
1118,0.9092,HIGH,1,2026-05-25
1119,0.7199,HIGH,1,2026-05-25
1120,0.7527,HIGH,1,2026-05-25
1121,0.0211,LOW,1,2026-05-25
1122,0.0368,LOW,1,2026-05-25
1123,0.8129,HIGH,1,2026-05-25
1124,0.0198,LOW,1,2026-05-25
1125,0.5192,MEDIUM,1,2026-05-25
1126,0.6773,MEDIUM,1,2026-05-25
1127,0.8672,HIGH,1,2026-05-25
1128,0.0695,LOW,1,2026-05-25
1129,0.0966,LOW,1,2026-05-25
1130,0.0532,LOW,1,2026-05-25
1131,0.1041,LOW,1,2026-05-25
1132,0.4972,MEDIUM,1,2026-05-25
1133,0.9393,HIGH,1,2026-05-25
1134,0.0611,LOW,1,2026-05-25
1135,0.7783,HIGH,1,2026-05-25
1136,0.0197,LOW,1,2026-05-25
1137,0.556,MEDIUM,1,2026-05-25
1138,0.9414,HIGH,1,2026-05-25
1139,0.6752,MEDIUM,1,2026-05-25
1140,0.6165,MEDIUM,1,2026-05-25
1141,0.3372,LOW,1,2026-05-25
1142,0.0293,LOW,1,2026-05-25
1143,0.0281,LOW,1,2026-05-25
1144,0.0765,LOW,1,2026-05-25
1145,0.1197,LOW,1,2026-05-25
1146,0.792,HIGH,1,2026-05-25
1147,0.464,MEDIUM,1,2026-05-25
1148,0.7122,HIGH,1,2026-05-25
1149,0.6311,MEDIUM,1,2026-05-25
1150,0.6651,MEDIUM,1,2026-05-25
1151,0.7954,HIGH,1,2026-05-25
1152,0.6815,MEDIUM,1,2026-05-25
1153,0.0206,LOW,1,2026-05-25
1154,0.0731,LOW,1,2026-05-25
1155,0.7814,HIGH,1,2026-05-25
1156,0.0375,LOW,1,2026-05-25
1157,0.679,MEDIUM,1,2026-05-25
1158,0.8527,HIGH,1,2026-05-25
1159,0.7854,HIGH,1,2026-05-25
1160,0.6613,MEDIUM,1,2026-05-25
1161,0.335,LOW,1,2026-05-25
1162,0.0882,LOW,1,2026-05-25
1163,0.7828,HIGH,1,2026-05-25
1164,0.9289,HIGH,1,2026-05-25
1165,0.039,LOW,1,2026-05-25
1166,0.1435,LOW,1,2026-05-25
1167,0.0533,LOW,1,2026-05-25
1168,0.0795,LOW,1,2026-05-25
1169,0.4091,MEDIUM,1,2026-05-25
1170,0.0526,LOW,1,2026-05-25
1171,0.8226,HIGH,1,2026-05-25
1172,0.8253,HIGH,1,2026-05-25
1173,0.6209,MEDIUM,1,2026-05-25
1174,0.1596,LOW,1,2026-05-25
1175,0.9382,HIGH,1,2026-05-25
1176,0.2586,LOW,1,2026-05-25
1177,0.2604,LOW,1,2026-05-25
1178,0.8796,HIGH,1,2026-05-25
1179,0.2743,LOW,1,2026-05-25
1180,0.1602,LOW,1,2026-05-25
1181,0.4615,MEDIUM,1,2026-05-25
1182,0.7333,HIGH,1,2026-05-25
1183,0.2287,LOW,1,2026-05-25
1184,0.2099,LOW,1,2026-05-25
1185,0.0824,LOW,1,2026-05-25
1186,0.6652,MEDIUM,1,2026-05-25
1187,0.5926,MEDIUM,1,2026-05-25
1188,0.8737,HIGH,1,2026-05-25
1189,0.146,LOW,1,2026-05-25
1190,0.658,MEDIUM,1,2026-05-25
1191,0.7784,HIGH,1,2026-05-25
1192,0.6657,MEDIUM,1,2026-05-25
1193,0.4418,MEDIUM,1,2026-05-25
1194,0.0212,LOW,1,2026-05-25
1195,0.208,LOW,1,2026-05-25
1196,0.1069,LOW,1,2026-05-25
1197,0.9267,HIGH,1,2026-05-25
1198,0.2118,LOW,1,2026-05-25
1199,0.0255,LOW,1,2026-05-25
1200,0.7038,HIGH,1,2026-05-25
1201,0.474,MEDIUM,1,2026-05-25
1202,0.2666,LOW,1,2026-05-25
1203,0.1622,LOW,1,2026-05-25
1204,0.0139,LOW,1,2026-05-25
1205,0.4898,MEDIUM,1,2026-05-25
1206,0.4259,MEDIUM,1,2026-05-25
1207,0.3226,LOW,1,2026-05-25
1208,0.7536,HIGH,1,2026-05-25
1209,0.413,MEDIUM,1,2026-05-25
1210,0.032,LOW,1,2026-05-25
1211,0.9037,HIGH,1,2026-05-25
1212,0.45,MEDIUM,1,2026-05-25
1213,0.7522,HIGH,1,2026-05-25
1214,0.1215,LOW,1,2026-05-25
1215,0.8474,HIGH,1,2026-05-25
1216,0.7963,HIGH,1,2026-05-25
1217,0.666,MEDIUM,1,2026-05-25
1218,0.1626,LOW,1,2026-05-25
1219,0.0299,LOW,1,2026-05-25
1220,0.7019,HIGH,1,2026-05-25
1221,0.9764,HIGH,1,2026-05-25
1222,0.9384,HIGH,1,2026-05-25
1223,0.7778,HIGH,1,2026-05-25
1224,0.7984,HIGH,1,2026-05-25
1225,0.7333,HIGH,1,2026-05-25
1226,0.0506,LOW,1,2026-05-25
1227,0.0698,LOW,1,2026-05-25
1228,0.0149,LOW,1,2026-05-25
1229,0.7343,HIGH,1,2026-05-25
1230,0.0312,LOW,1,2026-05-25
1231,0.4852,MEDIUM,1,2026-05-25
1232,0.4555,MEDIUM,1,2026-05-25
1233,0.9191,HIGH,1,2026-05-25
1234,0.3043,LOW,1,2026-05-25
1235,0.6669,MEDIUM,1,2026-05-25
1236,0.7947,HIGH,1,2026-05-25
1237,0.047,LOW,1,2026-05-25
1238,0.2264,LOW,1,2026-05-25
1239,0.0154,LOW,1,2026-05-25
1240,0.2415,LOW,1,2026-05-25
1241,0.1534,LOW,1,2026-05-25
1242,0.3427,LOW,1,2026-05-25
1243,0.6436,MEDIUM,1,2026-05-25
1244,0.056,LOW,1,2026-05-25
1245,0.1446,LOW,1,2026-05-25
1246,0.6248,MEDIUM,1,2026-05-25
1247,0.4596,MEDIUM,1,2026-05-25
1248,0.1085,LOW,1,2026-05-25
1249,0.716,HIGH,1,2026-05-25
1250,0.7936,HIGH,1,2026-05-25
1251,0.5712,MEDIUM,1,2026-05-25
1252,0.9258,HIGH,1,2026-05-25
1253,0.162,LOW,1,2026-05-25
1254,0.6482,MEDIUM,1,2026-05-25
1255,0.5967,MEDIUM,1,2026-05-25
1256,0.0166,LOW,1,2026-05-25
1257,0.8491,HIGH,1,2026-05-25
1258,0.1461,LOW,1,2026-05-25
1259,0.9419,HIGH,1,2026-05-25
1260,0.0651,LOW,1,2026-05-25
1261,0.0758,LOW,1,2026-05-25
1262,0.0648,LOW,1,2026-05-25
1263,0.3536,LOW,1,2026-05-25
1264,0.2916,LOW,1,2026-05-25
1265,0.0464,LOW,1,2026-05-25
1266,0.3562,LOW,1,2026-05-25
1267,0.8464,HIGH,1,2026-05-25
1268,0.0509,LOW,1,2026-05-25
1269,0.8338,HIGH,1,2026-05-25
1270,0.8099,HIGH,1,2026-05-25
1271,0.6061,MEDIUM,1,2026-05-25
1272,0.221,LOW,1,2026-05-25
1273,0.0093,LOW,1,2026-05-25
1274,0.8916,HIGH,1,2026-05-25
1275,0.5759,MEDIUM,1,2026-05-25
1276,0.2934,LOW,1,2026-05-25
1277,0.5948,MEDIUM,1,2026-05-25
1278,0.1926,LOW,1,2026-05-25
1279,0.4161,MEDIUM,1,2026-05-25
1280,0.4491,MEDIUM,1,2026-05-25
1281,0.0696,LOW,1,2026-05-25
1282,0.0162,LOW,1,2026-05-25
1283,0.3545,LOW,1,2026-05-25
1284,0.6001,MEDIUM,1,2026-05-25
1285,0.902,HIGH,1,2026-05-25
1286,0.8528,HIGH,1,2026-05-25
1287,0.2017,LOW,1,2026-05-25
1288,0.8588,HIGH,1,2026-05-25
1289,0.9337,HIGH,1,2026-05-25
1290,0.0175,LOW,1,2026-05-25
1291,0.6259,MEDIUM,1,2026-05-25
1292,0.7646,HIGH,1,2026-05-25
1293,0.3532,LOW,1,2026-05-25
1294,0.6155,MEDIUM,1,2026-05-25
1295,0.3956,LOW,1,2026-05-25
1296,0.0949,LOW,1,2026-05-25
1297,0.0242,LOW,1,2026-05-25
1298,0.8212,HIGH,1,2026-05-25
1299,0.6162,MEDIUM,1,2026-05-25
1300,0.8711,HIGH,1,2026-05-25
1301,0.0543,LOW,1,2026-05-25
1302,0.0946,LOW,1,2026-05-25
1303,0.0295,LOW,1,2026-05-25
1304,0.4805,MEDIUM,1,2026-05-25
1305,0.3033,LOW,1,2026-05-25
1306,0.0923,LOW,1,2026-05-25
1307,0.6893,MEDIUM,1,2026-05-25
1308,0.0785,LOW,1,2026-05-25
1309,0.629,MEDIUM,1,2026-05-25
1310,0.0136,LOW,1,2026-05-25
1311,0.314,LOW,1,2026-05-25
1312,0.3455,LOW,1,2026-05-25
1313,0.5381,MEDIUM,1,2026-05-25
1314,0.6807,MEDIUM,1,2026-05-25
1315,0.2859,LOW,1,2026-05-25
1316,0.2489,LOW,1,2026-05-25
1317,0.2945,LOW,1,2026-05-25
1318,0.4619,MEDIUM,1,2026-05-25
1319,0.044,LOW,1,2026-05-25
1320,0.7504,HIGH,1,2026-05-25
1321,0.0339,LOW,1,2026-05-25
1322,0.691,MEDIUM,1,2026-05-25
1323,0.2169,LOW,1,2026-05-25
1324,0.2057,LOW,1,2026-05-25
1325,0.2371,LOW,1,2026-05-25
1326,0.4358,MEDIUM,1,2026-05-25
1327,0.7381,HIGH,1,2026-05-25
1328,0.0267,LOW,1,2026-05-25
1329,0.2093,LOW,1,2026-05-25
1330,0.1919,LOW,1,2026-05-25
1331,0.6411,MEDIUM,1,2026-05-25
1332,0.4142,MEDIUM,1,2026-05-25
1333,0.8167,HIGH,1,2026-05-25
1334,0.7803,HIGH,1,2026-05-25
1335,0.0805,LOW,1,2026-05-25
1336,0.1536,LOW,1,2026-05-25
1337,0.4217,MEDIUM,1,2026-05-25
1338,0.8939,HIGH,1,2026-05-25
1339,0.8151,HIGH,1,2026-05-25
1340,0.0323,LOW,1,2026-05-25
1341,0.1321,LOW,1,2026-05-25
1342,0.0275,LOW,1,2026-05-25
1343,0.18,LOW,1,2026-05-25
1344,0.0108,LOW,1,2026-05-25
1345,0.0331,LOW,1,2026-05-25
1346,0.7701,HIGH,1,2026-05-25
1347,0.6093,MEDIUM,1,2026-05-25
1348,0.0358,LOW,1,2026-05-25
1349,0.6354,MEDIUM,1,2026-05-25
1350,0.073,LOW,1,2026-05-25
1351,0.3031,LOW,1,2026-05-25
1352,0.7022,HIGH,1,2026-05-25
1353,0.0584,LOW,1,2026-05-25
1354,0.4942,MEDIUM,1,2026-05-25
1355,0.937,HIGH,1,2026-05-25
1356,0.1403,LOW,1,2026-05-25
1357,0.3701,LOW,1,2026-05-25
1358,0.0563,LOW,1,2026-05-25
1359,0.5191,MEDIUM,1,2026-05-25
1360,0.574,MEDIUM,1,2026-05-25
1361,0.5239,MEDIUM,1,2026-05-25
1362,0.3591,LOW,1,2026-05-25
1363,0.5558,MEDIUM,1,2026-05-25
1364,0.525,MEDIUM,1,2026-05-25
1365,0.5655,MEDIUM,1,2026-05-25
1366,0.9185,HIGH,1,2026-05-25
1367,0.0237,LOW,1,2026-05-25
1368,0.5942,MEDIUM,1,2026-05-25
1369,0.4949,MEDIUM,1,2026-05-25
1370,0.0874,LOW,1,2026-05-25
1371,0.4766,MEDIUM,1,2026-05-25
1372,0.3134,LOW,1,2026-05-25
1373,0.7833,HIGH,1,2026-05-25
1374,0.6797,MEDIUM,1,2026-05-25
1375,0.0683,LOW,1,2026-05-25
1376,0.1991,LOW,1,2026-05-25
1377,0.7334,HIGH,1,2026-05-25
1378,0.7264,HIGH,1,2026-05-25
1379,0.7969,HIGH,1,2026-05-25
1380,0.0672,LOW,1,2026-05-25
1381,0.3507,LOW,1,2026-05-25
1382,0.6521,MEDIUM,1,2026-05-25
1383,0.0425,LOW,1,2026-05-25
1384,0.372,LOW,1,2026-05-25
1385,0.3691,LOW,1,2026-05-25
1386,0.7117,HIGH,1,2026-05-25
1387,0.2402,LOW,1,2026-05-25
1388,0.6906,MEDIUM,1,2026-05-25
1389,0.145,LOW,1,2026-05-25
1390,0.7455,HIGH,1,2026-05-25
1391,0.5974,MEDIUM,1,2026-05-25
1392,0.0875,LOW,1,2026-05-25
1393,0.9225,HIGH,1,2026-05-25
1394,0.1036,LOW,1,2026-05-25
1395,0.6016,MEDIUM,1,2026-05-25
1396,0.819,HIGH,1,2026-05-25
1397,0.4212,MEDIUM,1,2026-05-25
1398,0.0661,LOW,1,2026-05-25
1399,0.864,HIGH,1,2026-05-25
1400,0.1202,LOW,1,2026-05-25
1401,0.0448,LOW,1,2026-05-25
1402,0.026,LOW,1,2026-05-25
1403,0.0504,LOW,1,2026-05-25
1404,0.1148,LOW,1,2026-05-25
1405,0.0425,LOW,1,2026-05-25
1406,0.3061,LOW,1,2026-05-25
1407,0.0158,LOW,1,2026-05-25
1408,0.0234,LOW,1,2026-05-25
